{"F4dhaEhoNCHiNnyNXNworw==":"logo-173x128.png","Xp52dfUQ5ELhtxCKTbPu0w==":"ngo-feature_image-730x365.jpg","fvXzYTXAD2S1iH+43yy4Gg==":"leader_1200x630-1503439018194-2000x1049.jpg","B1KblObDo+lPIscoH/kC8g==":"leader_1200x630-1503439018194-1000x683.jpg","SyuSthlP93QDz5CDFhYVsA==":"leader_1200x630-1503439018194-870x400.jpg","LY4TIGpvjMxQUZvS+mSLuA==":"managing-nonprofits-vs-profits-883x432.jpg","+0oY3bf5FyzA4txRMnAxxw==":"girl_cropped-1200x630.jpg","8NNq7e9bk26opVmNX42PXg==":"code-video-thumbnail-1440x810.jpg","+JbAS950fe5jfiJVhq6Iig==":"join-us-565x340.jpg","Tft+VDRjcXNruW4RgxoFuA==":"join-us-815x351.jpg","MO1I252rVPzVg4tGDE57Lg==":"1200px-google_2015_logo.svg-600x203.png","CfA1qPUSgNk61+oOmXlqGQ==":"2000px-facebook_new_logo_(2015).svg-600x225.png","WOPcbFPSz2tLy8CzNGcyBA==":"cblogo-511x181.png","SY59etpD6D065UI0z2QJ5w==":"d57dca6df6d9e1882017e88bf41ae64c9a5a6992_casestudy_code.org_thumbnail_522x300-e1477404033188-418x300.png","Rsub6gU3QKK0OGpKZXXNvg==":"github.7433692cabbfa132f34adb034e7909fa-600x222.png","+GFubwCzAsOATcziZOAXRA==":"index-486x104.png","3nGhZBML5WZV+HOQju5rzQ==":"infosys-foundation-400x400.png","NGyjvvxd/Wv1VobAigBiNQ==":"logo-540x210.png"}